retailer_id,retailer_name,region,channel,onboarded_date,credit_limit,default_score,contact_number,email_id,gst_registered
R000,Retailer_0,South,Modern Trade,2021-12-28T00:00:00.000000000,66864.71052116607,0.06838489180817897,+91-9663926434,user0@retail.com,False
R001,Retailer_1,North,Online,2015-08-06T00:00:00.000000000,39385.97690806786,0.11323698801763282,+91-9179598549,user1@retail.com,True
R002,Retailer_2,West,Online,2022-12-05T00:00:00.000000000,19552.294879238503,0.49126009798743575,+91-9855936588,user2@retail.com,False
R003,Retailer_3,North,Offline,2022-10-29T00:00:00.000000000,70494.72649429168,0.24535230229040517,+91-9762370167,user3@retail.com,False
R004,Retailer_4,East,D2C,2017-07-22T00:00:00.000000000,12231.508665234447,0.5518248630176517,+91-9758332084,user4@retail.com,False
R005,Retailer_5,East,D2C,2020-12-31T00:00:00.000000000,46672.40776977217,0.6756044124958613,+91-9531102059,user5@retail.com,False
R006,Retailer_6,West,Online,2015-01-19T00:00:00.000000000,69653.81843163636,0.21208125295887892,+91-9461228039,user6@retail.com,True
R007,Retailer_7,North,Online,2015-04-03T00:00:00.000000000,42777.031752660885,0.6913673822712445,+91-9464733029,user7@retail.com,False
R008,Retailer_8,South,D2C,2016-12-27T00:00:00.000000000,65260.6952562781,0.8415143659809581,+91-9957319380,user8@retail.com,False
R009,Retailer_9,North,Online,2019-07-24T00:00:00.000000000,19858.19943497787,0.7109529090845663,+91-9903881466,user9@retail.com,True
R010,Retailer_10,South,Online,2015-09-03T00:00:00.000000000,61398.13822405371,0.5493165333080944,+91-9976368154,user10@retail.com,False
R011,Retailer_11,West,D2C,2020-12-04T00:00:00.000000000,97433.25314439536,0.12976982960961914,+91-9499850700,user11@retail.com,False
R012,Retailer_12,South,Offline,2022-11-09T00:00:00.000000000,93569.88593682752,0.7012972872750192,+91-9940982418,user12@retail.com,True
R013,Retailer_13,East,D2C,2021-09-19T00:00:00.000000000,39566.61963872698,0.41035146397187805,+91-9329909947,user13@retail.com,False
R014,Retailer_14,South,D2C,2022-07-16T00:00:00.000000000,80756.23484509472,0.03130953981457418,+91-9413731423,user14@retail.com,False
R015,Retailer_15,South,Offline,2017-11-25T00:00:00.000000000,60253.1240957839,0.5036825439418228,+91-9510239239,user15@retail.com,False
R016,Retailer_16,South,D2C,2017-06-12T00:00:00.000000000,99303.21753290949,0.8912155422356621,+91-9415800216,user16@retail.com,False
R017,Retailer_17,West,Offline,2019-09-29T00:00:00.000000000,85247.59751227203,0.4006108963171904,+91-9889644347,user17@retail.com,False
R018,Retailer_18,West,D2C,2022-08-02T00:00:00.000000000,20348.440394785946,0.5021429907835283,+91-9421862367,user18@retail.com,False
R019,Retailer_19,East,Offline,2019-10-22T00:00:00.000000000,23214.83277909404,0.6487957124686439,+91-9933439460,user19@retail.com,False
R020,Retailer_20,West,D2C,2019-01-27T00:00:00.000000000,44863.01697764951,0.9725755420686122,+91-9599401529,user20@retail.com,False
R021,Retailer_21,West,Modern Trade,2018-06-15T00:00:00.000000000,87949.88722782003,0.8938446376566346,+91-9318181351,user21@retail.com,False
R022,Retailer_22,North,D2C,2020-12-16T00:00:00.000000000,16344.564221503684,0.9115921791525889,+91-9291841330,user22@retail.com,False
R023,Retailer_23,North,Online,2020-11-10T00:00:00.000000000,23557.011960652613,0.9629572327139645,+91-9350301253,user23@retail.com,True
R024,Retailer_24,East,D2C,2022-06-28T00:00:00.000000000,57019.54800583978,0.4177676728600458,+91-9648159416,user24@retail.com,True
R025,Retailer_25,West,D2C,2016-10-15T00:00:00.000000000,54939.13725337932,0.14700706271159103,+91-9279635970,user25@retail.com,True
R026,Retailer_26,South,Modern Trade,2016-01-29T00:00:00.000000000,91550.46410881329,0.8964379401318027,+91-9584522437,user26@retail.com,True
R027,Retailer_27,North,Modern Trade,2015-07-03T00:00:00.000000000,78613.01266990269,0.8467045289393853,+91-9264790835,user27@retail.com,True
R028,Retailer_28,East,D2C,2017-06-01T00:00:00.000000000,35821.08224476681,0.7933505581362615,+91-9876810126,user28@retail.com,True
R029,Retailer_29,East,D2C,2015-12-05T00:00:00.000000000,73382.6457829575,0.6658623901833705,+91-9283872166,user29@retail.com,True
R030,Retailer_30,East,Modern Trade,2016-12-06T00:00:00.000000000,7431.454624168968,0.9568908078705379,+91-9339553867,user30@retail.com,True
R031,Retailer_31,South,Offline,2015-09-01T00:00:00.000000000,12033.006591385794,0.1784409313524935,+91-9728782736,user31@retail.com,True
R032,Retailer_32,West,D2C,2018-12-31T00:00:00.000000000,15606.214120717646,0.9701146211442517,+91-9498129758,user32@retail.com,False
R033,Retailer_33,East,Online,2016-03-11T00:00:00.000000000,61816.67362565429,0.8232780192642336,+91-9691361149,user33@retail.com,True
R034,Retailer_34,West,D2C,2016-02-13T00:00:00.000000000,70880.6812045405,0.31534591717408156,+91-9863943997,user34@retail.com,True
R035,Retailer_35,East,Modern Trade,2017-05-26T00:00:00.000000000,42566.222500678574,0.4558296565011202,+91-9925257472,user35@retail.com,True
R036,Retailer_36,South,Modern Trade,2022-07-06T00:00:00.000000000,70575.09335598932,0.18061898213100513,+91-9960449346,user36@retail.com,True
R037,Retailer_37,East,Modern Trade,2018-06-25T00:00:00.000000000,75236.32308832838,0.6738874339048636,+91-9930496808,user37@retail.com,False
R038,Retailer_38,West,D2C,2020-03-25T00:00:00.000000000,20439.438692526073,0.8773573319463236,+91-9738368305,user38@retail.com,True
R039,Retailer_39,North,Offline,2017-03-25T00:00:00.000000000,85617.58219051945,0.8690311371762116,+91-9439898163,user39@retail.com,False
R040,Retailer_40,North,Offline,2020-06-23T00:00:00.000000000,35462.21953991441,0.7294198518072917,+91-9262035149,user40@retail.com,False
R041,Retailer_41,North,Online,2019-12-07T00:00:00.000000000,42765.90482836394,0.19557715561042688,+91-9932658864,user41@retail.com,False
R042,Retailer_42,North,Modern Trade,2021-12-01T00:00:00.000000000,32394.107903655753,0.7587645899891532,+91-9881385717,user42@retail.com,False
R043,Retailer_43,South,Modern Trade,2017-06-20T00:00:00.000000000,93151.53864907217,0.22477431013431037,+91-9226742667,user43@retail.com,False
R044,Retailer_44,North,Modern Trade,2019-06-11T00:00:00.000000000,36339.494377397416,0.8291915201608134,+91-9652334694,user44@retail.com,False
R045,Retailer_45,South,Offline,2021-01-06T00:00:00.000000000,88376.6745979358,0.9976835812768452,+91-9293698964,user45@retail.com,False
R046,Retailer_46,North,Offline,2022-11-23T00:00:00.000000000,6835.411840464907,0.4220129211639748,+91-9503180777,user46@retail.com,True
R047,Retailer_47,West,D2C,2015-01-08T00:00:00.000000000,95424.2608033068,0.7174129057432815,+91-9357136754,user47@retail.com,True
R048,Retailer_48,South,Modern Trade,2020-03-13T00:00:00.000000000,11995.932528825291,0.7436909901669762,+91-9828480584,user48@retail.com,False
R049,Retailer_49,West,Online,2021-10-07T00:00:00.000000000,23969.465032072498,0.9686649879584579,+91-9623798272,user49@retail.com,False
R050,Retailer_50,North,Online,2016-04-01T00:00:00.000000000,9174.92114657007,0.3133846503902825,+91-9605192938,user50@retail.com,True
R051,Retailer_51,North,D2C,2016-03-19T00:00:00.000000000,56515.66761721815,0.38699449572476086,+91-9469502039,user51@retail.com,True
R052,Retailer_52,West,D2C,2020-09-17T00:00:00.000000000,24668.44391275856,0.9362040392958563,+91-9571019394,user52@retail.com,False
R053,Retailer_53,North,D2C,2016-11-17T00:00:00.000000000,25608.336409320123,0.1087331118248066,+91-9307693762,user53@retail.com,True
R054,Retailer_54,South,Modern Trade,2017-07-22T00:00:00.000000000,93170.74559154655,0.7188761525151638,+91-9765187320,user54@retail.com,False
R055,Retailer_55,East,D2C,2015-12-10T00:00:00.000000000,55879.389303582175,0.278912360975235,+91-9932409310,user55@retail.com,False
R056,Retailer_56,North,Modern Trade,2021-06-21T00:00:00.000000000,19031.921065209768,0.11256581448004188,+91-9714340948,user56@retail.com,True
R057,Retailer_57,West,D2C,2019-09-11T00:00:00.000000000,74002.32906811121,0.4383797985074034,+91-9209697743,user57@retail.com,False
R058,Retailer_58,East,Online,2020-04-04T00:00:00.000000000,11880.789388667028,0.26057093231098405,+91-9932212759,user58@retail.com,True
R059,Retailer_59,South,Offline,2021-11-03T00:00:00.000000000,80723.0745055095,0.16375699841564717,+91-9180716061,user59@retail.com,False
R060,Retailer_60,South,Modern Trade,2022-02-09T00:00:00.000000000,7236.932953744645,0.511509898826313,+91-9339245017,user60@retail.com,False
R061,Retailer_61,North,D2C,2019-12-19T00:00:00.000000000,17008.676025967347,0.4468334952371614,+91-9310266756,user61@retail.com,True
R062,Retailer_62,South,Online,2017-10-25T00:00:00.000000000,24746.240793886194,0.7141976035165042,+91-9756055370,user62@retail.com,True
R063,Retailer_63,South,D2C,2019-03-22T00:00:00.000000000,34262.47238441744,0.5517710101860908,+91-9410631556,user63@retail.com,False
R064,Retailer_64,South,Offline,2015-11-06T00:00:00.000000000,79770.47834818714,0.12525479582984467,+91-9679184014,user64@retail.com,False
R065,Retailer_65,South,Offline,2018-09-09T00:00:00.000000000,80446.66231354895,0.20241457890966885,+91-9285826457,user65@retail.com,True
R066,Retailer_66,South,Offline,2019-09-28T00:00:00.000000000,14997.001987469166,0.5623445371702345,+91-9256518035,user66@retail.com,True
R067,Retailer_67,East,Offline,2019-07-26T00:00:00.000000000,75105.60008583489,0.11381969178442752,+91-9421987942,user67@retail.com,True
R068,Retailer_68,West,Online,2018-05-01T00:00:00.000000000,67361.18454151307,0.6781591374599015,+91-9408291879,user68@retail.com,False
R069,Retailer_69,North,Online,2016-01-06T00:00:00.000000000,31419.539124217114,0.552523599941514,+91-9673278274,user69@retail.com,True
R070,Retailer_70,East,Offline,2021-05-09T00:00:00.000000000,54635.61358006169,0.18923799463938717,+91-9381245706,user70@retail.com,False
R071,Retailer_71,North,D2C,2021-09-29T00:00:00.000000000,96699.74233072992,0.39304945377167655,+91-9327227998,user71@retail.com,True
R072,Retailer_72,West,Modern Trade,2021-09-05T00:00:00.000000000,49303.01989161247,0.033266444804788686,+91-9158804167,user72@retail.com,True
R073,Retailer_73,North,Modern Trade,2015-12-10T00:00:00.000000000,34994.627577643594,0.49373331714663193,+91-9214405419,user73@retail.com,True
R074,Retailer_74,West,D2C,2021-05-26T00:00:00.000000000,50171.50031289437,0.3148007772945367,+91-9267316134,user74@retail.com,False
R075,Retailer_75,South,Online,2021-01-18T00:00:00.000000000,78343.55306017166,0.4930718737620553,+91-9449882680,user75@retail.com,False
R076,Retailer_76,South,D2C,2015-11-21T00:00:00.000000000,10532.661788422993,0.3261559269251497,+91-9552522513,user76@retail.com,False
R077,Retailer_77,East,Offline,2020-07-29T00:00:00.000000000,87873.72598274988,0.2854783858819552,+91-9125831715,user77@retail.com,True
R078,Retailer_78,West,Offline,2021-04-14T00:00:00.000000000,73211.86224965578,0.42763247819164796,+91-9874938825,user78@retail.com,False
R079,Retailer_79,East,Modern Trade,2018-07-31T00:00:00.000000000,23084.75607598222,0.5283939152003286,+91-9143439435,user79@retail.com,True
R080,Retailer_80,West,Offline,2022-04-09T00:00:00.000000000,72403.72280051396,0.8285639325542378,+91-9822733423,user80@retail.com,True
R081,Retailer_81,North,Online,2020-08-18T00:00:00.000000000,82253.16695881149,0.17037778080413812,+91-9782521625,user81@retail.com,True
R082,Retailer_82,West,Online,2015-08-31T00:00:00.000000000,54613.91798961705,0.9057936832017858,+91-9150605282,user82@retail.com,False
R083,Retailer_83,West,Offline,2020-01-30T00:00:00.000000000,30067.35014081479,0.23788017988871568,+91-9228080711,user83@retail.com,False
R084,Retailer_84,West,D2C,2017-01-10T00:00:00.000000000,93861.04167508602,0.3296090558833874,+91-9961089324,user84@retail.com,True
R085,Retailer_85,North,Online,2017-07-23T00:00:00.000000000,32120.36551552393,0.36684534096833954,+91-9601677657,user85@retail.com,True
R086,Retailer_86,South,D2C,2018-02-01T00:00:00.000000000,29532.861497161553,0.6387003899213293,+91-9287794832,user86@retail.com,True
R087,Retailer_87,East,Online,2021-10-18T00:00:00.000000000,90636.54827295122,0.5647059652985196,+91-9944872885,user87@retail.com,True
R088,Retailer_88,West,Modern Trade,2022-11-28T00:00:00.000000000,20113.73319892286,0.8530116749085692,+91-9999329958,user88@retail.com,True
R089,Retailer_89,North,Offline,2016-02-06T00:00:00.000000000,25793.159419303294,0.01923718355531534,+91-9166744200,user89@retail.com,True
R090,Retailer_90,East,D2C,2016-08-04T00:00:00.000000000,9874.283747314657,0.5027822662189193,+91-9920732750,user90@retail.com,False
R091,Retailer_91,South,Online,2017-12-23T00:00:00.000000000,40457.04477649791,0.5336916742438363,+91-9173630878,user91@retail.com,True
R092,Retailer_92,North,Online,2015-03-29T00:00:00.000000000,44702.86657608039,0.3953975076404379,+91-9993462264,user92@retail.com,True
R093,Retailer_93,North,D2C,2017-10-12T00:00:00.000000000,31152.962061468268,0.18165554082702362,+91-9519675777,user93@retail.com,True
R094,Retailer_94,East,D2C,2022-03-13T00:00:00.000000000,16550.501265206505,0.4335530259576391,+91-9683852296,user94@retail.com,True
R095,Retailer_95,East,Online,2018-03-20T00:00:00.000000000,89399.93980370258,0.39662475566302746,+91-9518395139,user95@retail.com,True
R096,Retailer_96,West,D2C,2022-12-26T00:00:00.000000000,5367.559344295558,0.21358589349004553,+91-9942747471,user96@retail.com,False
R097,Retailer_97,East,D2C,2018-06-25T00:00:00.000000000,60178.612065827765,0.6847902824444169,+91-9602092098,user97@retail.com,False
R098,Retailer_98,South,Offline,2021-12-12T00:00:00.000000000,78032.2377437089,0.10633393174784289,+91-9716483283,user98@retail.com,False
R099,Retailer_99,East,Online,2019-04-06T00:00:00.000000000,52188.74269308107,0.17892907619402554,+91-9613298162,user99@retail.com,True
R100,Retailer_100,East,Modern Trade,2021-10-11T00:00:00.000000000,27018.156674246133,0.6826476458646024,+91-9263080989,user100@retail.com,True
R101,Retailer_101,South,Modern Trade,2018-11-27T00:00:00.000000000,34856.45507425895,0.5739415603666735,+91-9865036829,user101@retail.com,False
R102,Retailer_102,North,D2C,2019-03-26T00:00:00.000000000,17724.25924559842,0.28272570348714887,+91-9285030323,user102@retail.com,True
R103,Retailer_103,North,Offline,2016-06-01T00:00:00.000000000,79596.61864691337,0.45885093795249354,+91-9975506877,user103@retail.com,True
R104,Retailer_104,South,Modern Trade,2021-04-04T00:00:00.000000000,66178.87662681661,0.31991165459635273,+91-9620505761,user104@retail.com,False
R105,Retailer_105,North,D2C,2019-01-16T00:00:00.000000000,39886.11580779173,0.6916281582836947,+91-9544892284,user105@retail.com,False
R106,Retailer_106,West,Offline,2019-01-05T00:00:00.000000000,30403.89206101045,0.4456554234707698,+91-9437508646,user106@retail.com,True
R107,Retailer_107,East,D2C,2016-09-08T00:00:00.000000000,95402.12292435697,0.469736094803866,+91-9680066193,user107@retail.com,True
R108,Retailer_108,North,Online,2017-08-09T00:00:00.000000000,50063.83733119984,0.37969888074222746,+91-9450029093,user108@retail.com,False
R109,Retailer_109,North,D2C,2022-12-14T00:00:00.000000000,90109.88733035438,0.13174211316184825,+91-9296336183,user109@retail.com,True
R110,Retailer_110,West,D2C,2016-10-12T00:00:00.000000000,34134.05942583552,0.8579673196005752,+91-9176612692,user110@retail.com,False
R111,Retailer_111,South,Modern Trade,2015-01-01T00:00:00.000000000,69304.4087895347,0.04441862508365624,+91-9695498827,user111@retail.com,False
R112,Retailer_112,West,Offline,2018-10-09T00:00:00.000000000,95551.83167290951,0.9505267841095751,+91-9147080756,user112@retail.com,True
R113,Retailer_113,East,D2C,2018-08-15T00:00:00.000000000,16056.769336454197,0.755589484578899,+91-9658636704,user113@retail.com,True
R114,Retailer_114,West,D2C,2020-06-10T00:00:00.000000000,9907.127904394021,0.475985764571085,+91-9341144329,user114@retail.com,True
R115,Retailer_115,East,Modern Trade,2015-11-17T00:00:00.000000000,23304.020485444424,0.6901275579205999,+91-9274218526,user115@retail.com,True
R116,Retailer_116,North,Online,2019-02-11T00:00:00.000000000,90302.52948560526,0.5272294949236654,+91-9394928199,user116@retail.com,False
R117,Retailer_117,East,Online,2017-01-26T00:00:00.000000000,98590.96709524601,0.2456163204442534,+91-9790071342,user117@retail.com,False
R118,Retailer_118,South,Online,2020-07-07T00:00:00.000000000,79964.87132086515,0.4653235153921881,+91-9688073625,user118@retail.com,True
R119,Retailer_119,North,Offline,2015-12-23T00:00:00.000000000,98913.2259327189,0.5418842530991906,+91-9736843086,user119@retail.com,True
R120,Retailer_120,North,Offline,2018-10-12T00:00:00.000000000,49628.86492120017,0.007034523933161507,+91-9671689985,user120@retail.com,True
R121,Retailer_121,East,Modern Trade,2020-08-30T00:00:00.000000000,66924.5819516992,0.7365635803454713,+91-9569493734,user121@retail.com,True
R122,Retailer_122,North,D2C,2019-04-22T00:00:00.000000000,47594.91354554492,0.8776456463964667,+91-9700947950,user122@retail.com,True
R123,Retailer_123,North,Modern Trade,2019-06-20T00:00:00.000000000,92130.619066165,0.1423100119492865,+91-9249213633,user123@retail.com,True
R124,Retailer_124,East,D2C,2015-11-08T00:00:00.000000000,37695.185122491166,0.7628917175986646,+91-9524960146,user124@retail.com,True
R125,Retailer_125,West,D2C,2016-04-30T00:00:00.000000000,79939.98174805896,0.5109446197474733,+91-9306362736,user125@retail.com,True
R126,Retailer_126,North,Offline,2016-04-01T00:00:00.000000000,84986.45385288101,0.8037634878583232,+91-9413350577,user126@retail.com,True
R127,Retailer_127,North,Modern Trade,2020-10-22T00:00:00.000000000,52208.50546417265,0.9998547306552622,+91-9717091257,user127@retail.com,True
R128,Retailer_128,East,Modern Trade,2017-08-30T00:00:00.000000000,15480.665698253963,0.7807876848678744,+91-9412408207,user128@retail.com,False
R129,Retailer_129,West,Online,2016-08-23T00:00:00.000000000,30185.194774003205,0.35480560957880036,+91-9717949113,user129@retail.com,False
R130,Retailer_130,South,Modern Trade,2015-06-16T00:00:00.000000000,38518.95698235059,0.3368480432271036,+91-9534486541,user130@retail.com,False
R131,Retailer_131,East,Online,2018-11-23T00:00:00.000000000,21753.541303839407,0.37456081088324333,+91-9620060261,user131@retail.com,False
R132,Retailer_132,West,D2C,2016-09-23T00:00:00.000000000,42516.13359117777,0.4809899134008825,+91-9540955988,user132@retail.com,True
R133,Retailer_133,North,Offline,2019-01-15T00:00:00.000000000,73516.36012433314,0.879610938392983,+91-9179826588,user133@retail.com,True
R134,Retailer_134,East,Online,2015-10-26T00:00:00.000000000,42809.89869423979,0.9795474933057687,+91-9642384012,user134@retail.com,False
R135,Retailer_135,North,D2C,2019-05-20T00:00:00.000000000,65264.364868927616,0.17129885904331876,+91-9905195337,user135@retail.com,True
R136,Retailer_136,South,Online,2015-04-04T00:00:00.000000000,74824.64541835402,0.31066358173878383,+91-9757661474,user136@retail.com,False
R137,Retailer_137,South,Online,2016-10-05T00:00:00.000000000,17484.563070462886,0.1971012370013988,+91-9709144652,user137@retail.com,False
R138,Retailer_138,East,D2C,2020-12-18T00:00:00.000000000,92883.47568495951,0.6877889833168088,+91-9792845272,user138@retail.com,True
R139,Retailer_139,South,Online,2019-02-16T00:00:00.000000000,79950.3806542579,0.7410080520315199,+91-9308048263,user139@retail.com,True
R140,Retailer_140,North,Offline,2017-09-01T00:00:00.000000000,18297.670462495254,0.13258693918605247,+91-9114257447,user140@retail.com,True
R141,Retailer_141,South,Online,2020-04-24T00:00:00.000000000,5530.739924208409,0.22778178167724583,+91-9231785744,user141@retail.com,True
R142,Retailer_142,North,D2C,2018-06-17T00:00:00.000000000,50761.28236029878,0.46462638067214257,+91-9539715020,user142@retail.com,True
R143,Retailer_143,East,Modern Trade,2018-10-01T00:00:00.000000000,35243.93733284874,0.27226648480564664,+91-9350480419,user143@retail.com,True
R144,Retailer_144,West,Offline,2017-10-30T00:00:00.000000000,98458.32070567274,0.19687981087877549,+91-9525227723,user144@retail.com,True
R145,Retailer_145,West,Offline,2021-01-30T00:00:00.000000000,66571.0884004821,0.08507157966532353,+91-9596636767,user145@retail.com,True
R146,Retailer_146,South,D2C,2018-04-25T00:00:00.000000000,13682.289061933096,0.03639224771279803,+91-9689414415,user146@retail.com,True
R147,Retailer_147,North,Modern Trade,2022-07-10T00:00:00.000000000,89800.22401394846,0.817650148773131,+91-9856740743,user147@retail.com,False
R148,Retailer_148,South,D2C,2021-11-03T00:00:00.000000000,67422.75023952013,0.32231368014892203,+91-9993353188,user148@retail.com,False
R149,Retailer_149,North,Online,2020-06-24T00:00:00.000000000,81777.34861123175,0.0032102861935936478,+91-9513153047,user149@retail.com,True
R150,Retailer_150,East,Offline,2020-08-30T00:00:00.000000000,28126.67568778474,0.8413183989643426,+91-9500651845,user150@retail.com,True
R151,Retailer_151,South,Offline,2017-09-19T00:00:00.000000000,41691.0053369476,0.7205377502177294,+91-9271521518,user151@retail.com,True
R152,Retailer_152,North,Modern Trade,2019-08-14T00:00:00.000000000,19734.646433922924,0.6987078034335946,+91-9615051567,user152@retail.com,False
R153,Retailer_153,West,Modern Trade,2019-11-09T00:00:00.000000000,95278.55034567286,0.8433718295016618,+91-9838969447,user153@retail.com,True
R154,Retailer_154,South,Offline,2016-10-01T00:00:00.000000000,45208.85618226659,0.5844092805662345,+91-9413858374,user154@retail.com,False
R155,Retailer_155,South,D2C,2022-06-27T00:00:00.000000000,56552.03290334588,0.27431529725667303,+91-9391465672,user155@retail.com,False
R156,Retailer_156,North,Modern Trade,2015-01-03T00:00:00.000000000,9380.885544580009,0.06359219295864982,+91-9843980404,user156@retail.com,False
R157,Retailer_157,South,Offline,2018-11-10T00:00:00.000000000,16304.22027334252,0.46659373276519955,+91-9278815996,user157@retail.com,False
R158,Retailer_158,East,Modern Trade,2015-07-07T00:00:00.000000000,35866.10445960437,0.5411727456068872,+91-9630331103,user158@retail.com,True
R159,Retailer_159,West,Online,2020-12-20T00:00:00.000000000,64630.599829435836,0.8202315113008917,+91-9698581321,user159@retail.com,False
R160,Retailer_160,East,Offline,2020-05-08T00:00:00.000000000,59845.29010877904,0.9501299568965496,+91-9141472000,user160@retail.com,True
R161,Retailer_161,North,Online,2018-10-17T00:00:00.000000000,31303.72197873831,0.26855769475971136,+91-9548703867,user161@retail.com,False
R162,Retailer_162,West,Online,2022-06-15T00:00:00.000000000,34998.25753489807,0.7985514187958171,+91-9302872013,user162@retail.com,False
R163,Retailer_163,East,Online,2017-07-19T00:00:00.000000000,71907.04717537176,0.8672809218225456,+91-9479727382,user163@retail.com,False
R164,Retailer_164,North,Online,2020-09-27T00:00:00.000000000,80967.40070949338,0.5456081729263892,+91-9651112750,user164@retail.com,True
R165,Retailer_165,West,Offline,2020-07-21T00:00:00.000000000,13480.699552994862,0.7214036001561467,+91-9659464207,user165@retail.com,False
R166,Retailer_166,South,D2C,2015-04-18T00:00:00.000000000,42938.84015370207,0.7274182774872563,+91-9900764862,user166@retail.com,True
R167,Retailer_167,North,D2C,2016-08-06T00:00:00.000000000,49913.6716796797,0.6953677133646612,+91-9754178357,user167@retail.com,True
R168,Retailer_168,South,Modern Trade,2017-03-29T00:00:00.000000000,30847.136333327264,0.7997103204743483,+91-9666034634,user168@retail.com,False
R169,Retailer_169,North,D2C,2018-02-12T00:00:00.000000000,93444.10129133903,0.22388253344258235,+91-9981218331,user169@retail.com,False
R170,Retailer_170,South,Offline,2021-04-16T00:00:00.000000000,5411.028384683225,0.8109781315280238,+91-9351796366,user170@retail.com,True
R171,Retailer_171,North,D2C,2020-02-07T00:00:00.000000000,94953.4584129637,0.5194906283485197,+91-9565607325,user171@retail.com,True
R172,Retailer_172,East,Offline,2018-07-15T00:00:00.000000000,89673.68389227967,0.33444169777874144,+91-9230944367,user172@retail.com,True
R173,Retailer_173,West,D2C,2017-03-20T00:00:00.000000000,14161.796863121433,0.30596154958699884,+91-9296088104,user173@retail.com,False
R174,Retailer_174,North,Offline,2019-08-03T00:00:00.000000000,49372.174782548456,0.9182724608835926,+91-9943467582,user174@retail.com,True
R175,Retailer_175,South,D2C,2020-08-16T00:00:00.000000000,63202.46289970954,0.5605804508812035,+91-9499837044,user175@retail.com,True
R176,Retailer_176,South,Online,2017-04-02T00:00:00.000000000,67070.1816471121,0.70813861215492,+91-9771473814,user176@retail.com,False
R177,Retailer_177,South,Offline,2015-12-24T00:00:00.000000000,36667.00490591776,0.8939782628528129,+91-9516672913,user177@retail.com,True
R178,Retailer_178,North,Offline,2020-12-03T00:00:00.000000000,97598.66642396283,0.7345132961592674,+91-9931000693,user178@retail.com,False
R179,Retailer_179,North,Offline,2017-01-03T00:00:00.000000000,19463.745251749056,0.9295527918584168,+91-9896302069,user179@retail.com,False
R180,Retailer_180,North,Modern Trade,2020-10-03T00:00:00.000000000,20104.7457220886,0.7437515025045612,+91-9766394098,user180@retail.com,True
R181,Retailer_181,North,Modern Trade,2016-12-05T00:00:00.000000000,5744.624998573218,0.43413253779452654,+91-9589278391,user181@retail.com,False
R182,Retailer_182,North,Offline,2022-11-14T00:00:00.000000000,55890.43351271352,0.44308125864560155,+91-9400937934,user182@retail.com,True
R183,Retailer_183,East,Online,2021-07-17T00:00:00.000000000,57482.42633277221,0.36219763579736053,+91-9562849541,user183@retail.com,False
R184,Retailer_184,South,Modern Trade,2021-04-25T00:00:00.000000000,50439.422520428714,0.13378463213424574,+91-9780040130,user184@retail.com,True
R185,Retailer_185,East,Offline,2017-10-01T00:00:00.000000000,86743.4826321612,0.18647395609781592,+91-9793677465,user185@retail.com,True
R186,Retailer_186,West,Online,2022-06-27T00:00:00.000000000,28372.123695293525,0.49944611110713355,+91-9519252295,user186@retail.com,True
R187,Retailer_187,South,Modern Trade,2022-02-04T00:00:00.000000000,41724.901973310894,0.5554286269368828,+91-9948175364,user187@retail.com,False
R188,Retailer_188,West,D2C,2021-07-08T00:00:00.000000000,98579.60132263233,0.873892131951999,+91-9915050607,user188@retail.com,True
R189,Retailer_189,South,D2C,2015-09-05T00:00:00.000000000,62010.96965478359,0.14835689871639224,+91-9873987325,user189@retail.com,True
R190,Retailer_190,West,Offline,2018-05-03T00:00:00.000000000,97370.75918001503,0.8525015910407839,+91-9260657314,user190@retail.com,True
R191,Retailer_191,South,Online,2022-10-24T00:00:00.000000000,21087.635784443584,0.6966040905630406,+91-9640015438,user191@retail.com,True
R192,Retailer_192,East,Modern Trade,2020-03-16T00:00:00.000000000,13498.848146013523,0.3036127136283341,+91-9273721336,user192@retail.com,True
R193,Retailer_193,South,D2C,2020-01-09T00:00:00.000000000,57132.05575970729,0.1412499700686357,+91-9803779331,user193@retail.com,True
R194,Retailer_194,East,D2C,2021-09-18T00:00:00.000000000,56210.172076423565,0.41283265270493763,+91-9838529654,user194@retail.com,False
R195,Retailer_195,South,Modern Trade,2020-10-02T00:00:00.000000000,68197.23697847761,0.7989641792837411,+91-9821434473,user195@retail.com,True
R196,Retailer_196,West,D2C,2019-09-06T00:00:00.000000000,91574.99579716046,0.035296585101164846,+91-9935461297,user196@retail.com,False
R197,Retailer_197,South,Offline,2020-06-12T00:00:00.000000000,75514.45084969373,0.7159694970230616,+91-9668066448,user197@retail.com,False
R198,Retailer_198,North,Offline,2015-11-04T00:00:00.000000000,45320.064484395094,0.12924714527972825,+91-9928975496,user198@retail.com,False
R199,Retailer_199,North,Online,2019-08-31T00:00:00.000000000,11174.812095838002,0.260156400434965,+91-9904148781,user199@retail.com,False
R200,Retailer_200,South,Offline,2018-06-30T00:00:00.000000000,76865.8997775307,0.11243163694661795,+91-9727132640,user200@retail.com,False
R201,Retailer_201,West,Online,2021-07-13T00:00:00.000000000,85956.91731056894,0.5848369313317734,+91-9399621188,user201@retail.com,True
R202,Retailer_202,East,Online,2022-02-22T00:00:00.000000000,5696.21859207361,0.42689935267157675,+91-9718652322,user202@retail.com,True
R203,Retailer_203,South,Online,2022-11-25T00:00:00.000000000,73721.73738289361,0.5394873846005231,+91-9352950327,user203@retail.com,False
R204,Retailer_204,North,Online,2022-12-31T00:00:00.000000000,25063.634861842747,0.411850219778372,+91-9407599693,user204@retail.com,False
R205,Retailer_205,North,Modern Trade,2019-05-26T00:00:00.000000000,89359.17550894033,0.5982511202240944,+91-9987646643,user205@retail.com,False
R206,Retailer_206,South,Modern Trade,2019-10-12T00:00:00.000000000,6728.817216194653,0.10226351448340798,+91-9422973620,user206@retail.com,True
R207,Retailer_207,West,Offline,2018-03-10T00:00:00.000000000,10577.04740428084,0.4633927701375815,+91-9541959288,user207@retail.com,True
R208,Retailer_208,North,Offline,2019-06-20T00:00:00.000000000,51217.46108132168,0.9827181011176996,+91-9830068819,user208@retail.com,False
R209,Retailer_209,North,Modern Trade,2019-12-13T00:00:00.000000000,75975.41637700569,0.9428759577850208,+91-9626519585,user209@retail.com,True
R210,Retailer_210,North,Online,2018-04-05T00:00:00.000000000,11132.730804099217,0.9257453725677708,+91-9135876148,user210@retail.com,True
R211,Retailer_211,East,D2C,2021-10-09T00:00:00.000000000,72058.33313390998,0.9091833889431565,+91-9209607005,user211@retail.com,False
R212,Retailer_212,South,Online,2022-02-22T00:00:00.000000000,54670.048183372055,0.3598108378152337,+91-9879174353,user212@retail.com,True
R213,Retailer_213,West,Modern Trade,2017-12-26T00:00:00.000000000,89241.02643876208,0.4716004406727752,+91-9493935602,user213@retail.com,True
R214,Retailer_214,South,Modern Trade,2021-10-25T00:00:00.000000000,21755.993571822255,0.1454911447811732,+91-9514174084,user214@retail.com,False
R215,Retailer_215,South,Online,2017-01-01T00:00:00.000000000,24426.965344112657,0.7359544759807829,+91-9399087303,user215@retail.com,False
R216,Retailer_216,West,Online,2015-07-21T00:00:00.000000000,6192.780298338021,0.4659548698550291,+91-9160076657,user216@retail.com,False
R217,Retailer_217,South,Offline,2020-09-10T00:00:00.000000000,35638.2713146063,0.16177850560529594,+91-9611645727,user217@retail.com,True
R218,Retailer_218,North,Offline,2016-02-11T00:00:00.000000000,50943.21854443463,0.9383085340752585,+91-9708204845,user218@retail.com,False
R219,Retailer_219,East,Online,2020-01-20T00:00:00.000000000,97934.94767337404,0.6664552760124897,+91-9431664007,user219@retail.com,False
R220,Retailer_220,North,Offline,2020-09-12T00:00:00.000000000,20847.867639276486,0.6259743340688619,+91-9164492465,user220@retail.com,True
R221,Retailer_221,South,D2C,2017-11-03T00:00:00.000000000,99995.0819625278,0.6198131353464885,+91-9738180531,user221@retail.com,False
R222,Retailer_222,East,Offline,2020-03-23T00:00:00.000000000,92250.11699102353,0.7697293362688743,+91-9504880168,user222@retail.com,True
R223,Retailer_223,West,Online,2015-10-03T00:00:00.000000000,69946.07248669147,0.2736463432186851,+91-9523295661,user223@retail.com,False
R224,Retailer_224,South,D2C,2019-03-11T00:00:00.000000000,64556.67668473806,0.6563699024925177,+91-9699265261,user224@retail.com,True
R225,Retailer_225,South,Online,2020-03-09T00:00:00.000000000,15317.081920619146,0.7054360407916315,+91-9130524245,user225@retail.com,False
R226,Retailer_226,South,Offline,2019-07-06T00:00:00.000000000,32487.544255417477,0.46867759032422907,+91-9196728344,user226@retail.com,True
R227,Retailer_227,West,D2C,2018-10-27T00:00:00.000000000,74393.2568183858,0.1458686608684403,+91-9788264540,user227@retail.com,False
R228,Retailer_228,South,Modern Trade,2020-05-24T00:00:00.000000000,93645.14586146249,0.2618982418278146,+91-9190202698,user228@retail.com,False
R229,Retailer_229,East,Offline,2015-08-23T00:00:00.000000000,41063.37509107768,0.3034402995636373,+91-9894090610,user229@retail.com,True
R230,Retailer_230,North,D2C,2022-10-03T00:00:00.000000000,42740.4658075665,0.8597268971639107,+91-9829755293,user230@retail.com,True
R231,Retailer_231,West,Offline,2022-10-11T00:00:00.000000000,6514.4868844721595,0.49942953734654805,+91-9793593592,user231@retail.com,True
R232,Retailer_232,North,Modern Trade,2022-04-30T00:00:00.000000000,55439.90537242715,0.07691959766599887,+91-9275502246,user232@retail.com,True
R233,Retailer_233,North,Modern Trade,2016-07-30T00:00:00.000000000,84540.47623438115,0.40394952306057264,+91-9668579499,user233@retail.com,True
R234,Retailer_234,South,D2C,2021-05-13T00:00:00.000000000,85105.17077109835,0.8686488597915186,+91-9112977261,user234@retail.com,False
R235,Retailer_235,South,D2C,2022-11-14T00:00:00.000000000,98369.74257509554,0.9195783761231798,+91-9670290883,user235@retail.com,False
R236,Retailer_236,North,Modern Trade,2020-07-08T00:00:00.000000000,45024.098707103214,0.49396929575408377,+91-9235207036,user236@retail.com,True
R237,Retailer_237,South,Offline,2020-05-03T00:00:00.000000000,50269.895162954956,0.2673553446453222,+91-9142689104,user237@retail.com,True
R238,Retailer_238,North,D2C,2021-09-14T00:00:00.000000000,18857.200409246798,0.3950783583302898,+91-9960240525,user238@retail.com,False
R239,Retailer_239,North,Modern Trade,2022-11-22T00:00:00.000000000,34618.242072555986,0.659807350064642,+91-9233996850,user239@retail.com,True
R240,Retailer_240,North,Modern Trade,2022-10-18T00:00:00.000000000,44959.775787740924,0.836152612907856,+91-9669677588,user240@retail.com,False
R241,Retailer_241,East,D2C,2017-07-09T00:00:00.000000000,70693.35478737552,0.30881626564421993,+91-9103652249,user241@retail.com,False
R242,Retailer_242,West,Offline,2017-05-06T00:00:00.000000000,15032.144392656832,0.47640544201804247,+91-9365716028,user242@retail.com,False
R243,Retailer_243,North,Offline,2020-02-27T00:00:00.000000000,70091.12914734743,0.9688899169656455,+91-9794045560,user243@retail.com,True
R244,Retailer_244,South,D2C,2018-04-27T00:00:00.000000000,26285.68019852269,0.49338300473568064,+91-9877305709,user244@retail.com,True
R245,Retailer_245,North,Modern Trade,2016-06-04T00:00:00.000000000,38815.16619205865,0.49430137155635334,+91-9825247570,user245@retail.com,True
R246,Retailer_246,West,Offline,2018-09-11T00:00:00.000000000,97366.03587956159,0.900907598238123,+91-9653182351,user246@retail.com,True
R247,Retailer_247,East,Modern Trade,2016-12-05T00:00:00.000000000,87674.56560784558,0.025512059077197224,+91-9403924295,user247@retail.com,True
R248,Retailer_248,West,Online,2020-06-12T00:00:00.000000000,56694.24265899443,0.5869087721332287,+91-9584291200,user248@retail.com,True
R249,Retailer_249,West,Offline,2021-08-25T00:00:00.000000000,46648.042242238465,0.9034756306152181,+91-9789312187,user249@retail.com,False
R250,Retailer_250,West,D2C,2017-11-20T00:00:00.000000000,63137.55244009151,0.7157274069742917,+91-9290443671,user250@retail.com,True
R251,Retailer_251,North,Modern Trade,2021-11-10T00:00:00.000000000,87205.96089913517,0.5427693643395302,+91-9689931436,user251@retail.com,True
R252,Retailer_252,West,Offline,2017-01-12T00:00:00.000000000,19503.245731478524,0.2943321547656348,+91-9997023079,user252@retail.com,True
R253,Retailer_253,North,Modern Trade,2019-09-28T00:00:00.000000000,78960.87789866145,0.5552966668933216,+91-9345876109,user253@retail.com,True
R254,Retailer_254,East,Modern Trade,2017-11-01T00:00:00.000000000,95456.43621360124,0.42607293863862816,+91-9263387645,user254@retail.com,False
R255,Retailer_255,North,Online,2021-11-12T00:00:00.000000000,19304.59321195694,0.06026471642001052,+91-9648717112,user255@retail.com,False
R256,Retailer_256,East,D2C,2021-11-18T00:00:00.000000000,84429.80440313759,0.7650642220838237,+91-9426861635,user256@retail.com,False
R257,Retailer_257,West,D2C,2022-04-25T00:00:00.000000000,62743.253519913145,0.12047873721856694,+91-9501593916,user257@retail.com,True
R258,Retailer_258,South,Offline,2022-05-22T00:00:00.000000000,52531.57671288511,0.6570476705955329,+91-9364151932,user258@retail.com,True
R259,Retailer_259,West,Online,2019-05-26T00:00:00.000000000,14565.71694050365,0.4055699282555023,+91-9388158756,user259@retail.com,False
R260,Retailer_260,East,Offline,2019-05-25T00:00:00.000000000,87671.6506767865,0.24465946067029665,+91-9910016906,user260@retail.com,True
R261,Retailer_261,North,Modern Trade,2015-06-11T00:00:00.000000000,90469.22670189413,0.8203784764695875,+91-9330428782,user261@retail.com,False
R262,Retailer_262,West,Modern Trade,2017-01-09T00:00:00.000000000,29555.038385429507,0.808129980777328,+91-9744062361,user262@retail.com,True
R263,Retailer_263,North,Modern Trade,2015-09-15T00:00:00.000000000,39054.867350511144,0.34635637202753533,+91-9661742060,user263@retail.com,True
R264,Retailer_264,South,Modern Trade,2022-06-15T00:00:00.000000000,77822.8475807897,0.7787970962578531,+91-9845549927,user264@retail.com,False
R265,Retailer_265,North,Online,2021-03-19T00:00:00.000000000,47402.97100937792,0.0015293145614494463,+91-9552387293,user265@retail.com,True
R266,Retailer_266,South,Online,2020-02-29T00:00:00.000000000,70820.76868803035,0.2091346316277205,+91-9144941810,user266@retail.com,False
R267,Retailer_267,South,Online,2015-09-16T00:00:00.000000000,9871.507853097879,0.7064189407768823,+91-9371948931,user267@retail.com,False
R268,Retailer_268,West,D2C,2017-02-23T00:00:00.000000000,74907.09092792861,0.02592439916463629,+91-9541505411,user268@retail.com,False
R269,Retailer_269,West,Offline,2019-01-06T00:00:00.000000000,50796.99813285576,0.8347198674341918,+91-9515868792,user269@retail.com,True
R270,Retailer_270,North,D2C,2018-07-04T00:00:00.000000000,65358.406832903034,0.3175265513615777,+91-9832043459,user270@retail.com,False
R271,Retailer_271,South,Offline,2018-08-28T00:00:00.000000000,70845.96560077282,0.27333969284690374,+91-9613508119,user271@retail.com,True
R272,Retailer_272,South,D2C,2017-09-22T00:00:00.000000000,33371.05181287619,0.19966673692901304,+91-9435885629,user272@retail.com,False
R273,Retailer_273,North,Online,2021-05-11T00:00:00.000000000,89297.44695245259,0.9847418732928984,+91-9111054070,user273@retail.com,False
R274,Retailer_274,East,Offline,2016-11-06T00:00:00.000000000,98084.61943553537,0.07987852131238948,+91-9932350074,user274@retail.com,False
R275,Retailer_275,West,Online,2022-05-28T00:00:00.000000000,94477.6693877259,0.4226161633382941,+91-9794647107,user275@retail.com,True
R276,Retailer_276,West,D2C,2021-08-29T00:00:00.000000000,37323.98417803017,0.582196659347333,+91-9781579317,user276@retail.com,True
R277,Retailer_277,South,Online,2019-06-14T00:00:00.000000000,24886.91693136419,0.016742349253492494,+91-9858314631,user277@retail.com,True
R278,Retailer_278,North,Modern Trade,2016-03-30T00:00:00.000000000,6114.791319528384,0.1642577726822314,+91-9600937611,user278@retail.com,True
R279,Retailer_279,North,Modern Trade,2017-05-28T00:00:00.000000000,27898.57202030336,0.7758525841641241,+91-9717230713,user279@retail.com,True
R280,Retailer_280,West,Online,2022-12-28T00:00:00.000000000,90194.88868808883,0.8918044130961256,+91-9752321849,user280@retail.com,True
R281,Retailer_281,North,Online,2018-06-20T00:00:00.000000000,42030.62820171596,0.6298027150423823,+91-9299168012,user281@retail.com,True
R282,Retailer_282,East,Online,2022-10-08T00:00:00.000000000,30410.961851701253,0.2519160422478427,+91-9260529119,user282@retail.com,False
R283,Retailer_283,North,Offline,2018-09-25T00:00:00.000000000,25911.071529833058,0.6064291618501988,+91-9581417451,user283@retail.com,True
R284,Retailer_284,East,Offline,2016-04-07T00:00:00.000000000,40366.65010089691,0.8807700827583425,+91-9863068257,user284@retail.com,False
R285,Retailer_285,East,Online,2016-10-03T00:00:00.000000000,31789.87422492568,0.15929040119656745,+91-9555944141,user285@retail.com,True
R286,Retailer_286,North,Offline,2022-03-18T00:00:00.000000000,33717.66250168663,0.06609572710524159,+91-9477420229,user286@retail.com,True
R287,Retailer_287,North,Modern Trade,2020-04-25T00:00:00.000000000,11397.281005759101,0.31116710204670917,+91-9720214070,user287@retail.com,True
R288,Retailer_288,West,D2C,2022-11-24T00:00:00.000000000,99498.4924129301,0.7759790226384241,+91-9726676792,user288@retail.com,True
R289,Retailer_289,South,Modern Trade,2015-09-02T00:00:00.000000000,59000.99923249022,0.49597267924273136,+91-9639054588,user289@retail.com,False
R290,Retailer_290,East,D2C,2016-06-20T00:00:00.000000000,72284.91010242832,0.9411262798290713,+91-9356202679,user290@retail.com,True
R291,Retailer_291,South,Online,2019-05-17T00:00:00.000000000,55301.787598289375,0.6877615796715898,+91-9220394847,user291@retail.com,False
R292,Retailer_292,South,D2C,2022-06-27T00:00:00.000000000,27306.510960244595,0.8189740972689084,+91-9555647352,user292@retail.com,False
R293,Retailer_293,North,D2C,2021-08-19T00:00:00.000000000,69953.73397391303,0.6926137382109151,+91-9172286570,user293@retail.com,True
R294,Retailer_294,West,D2C,2016-06-20T00:00:00.000000000,78802.17674321294,0.748020818448311,+91-9692178837,user294@retail.com,True
R295,Retailer_295,East,Online,2022-02-02T00:00:00.000000000,27346.024403683965,0.42103436605541045,+91-9722198016,user295@retail.com,True
R296,Retailer_296,North,Online,2019-08-05T00:00:00.000000000,49432.6237184305,0.7579227382333128,+91-9916925672,user296@retail.com,False
R297,Retailer_297,East,Modern Trade,2019-11-21T00:00:00.000000000,14901.93275015605,0.2958211690784319,+91-9188588714,user297@retail.com,True
R298,Retailer_298,West,Offline,2022-02-13T00:00:00.000000000,59589.213007644576,0.35067956308022874,+91-9535188209,user298@retail.com,False
R299,Retailer_299,South,Modern Trade,2021-12-02T00:00:00.000000000,58787.50026366709,0.24365234372252342,+91-9181257972,user299@retail.com,False
R300,Retailer_300,East,D2C,2017-04-16T00:00:00.000000000,27525.603482579285,0.19318614334779227,+91-9453914671,user300@retail.com,False
R301,Retailer_301,North,Modern Trade,2016-02-25T00:00:00.000000000,92387.08223809929,0.8189684696039381,+91-9791066819,user301@retail.com,True
R302,Retailer_302,North,D2C,2018-07-30T00:00:00.000000000,23690.275030167202,0.8768385020856316,+91-9961051002,user302@retail.com,True
R303,Retailer_303,West,Modern Trade,2015-05-05T00:00:00.000000000,63555.692902216775,0.934555242930261,+91-9819950250,user303@retail.com,False
R304,Retailer_304,West,Offline,2021-06-14T00:00:00.000000000,70220.13391787358,0.43911709787787956,+91-9735643559,user304@retail.com,False
R305,Retailer_305,North,Modern Trade,2022-05-18T00:00:00.000000000,32801.04311379828,0.8694203718835603,+91-9732412966,user305@retail.com,False
R306,Retailer_306,South,Modern Trade,2022-03-08T00:00:00.000000000,80778.03007250902,0.020228411385096234,+91-9473590015,user306@retail.com,True
R307,Retailer_307,South,D2C,2019-10-24T00:00:00.000000000,86837.05087002901,0.5714835443830706,+91-9786496600,user307@retail.com,True
R308,Retailer_308,South,Modern Trade,2018-09-01T00:00:00.000000000,97488.75282780197,0.760440721519675,+91-9986185347,user308@retail.com,True
R309,Retailer_309,West,D2C,2015-03-03T00:00:00.000000000,81861.1930184802,0.5615857884690112,+91-9204131920,user309@retail.com,False
R310,Retailer_310,North,Modern Trade,2020-06-02T00:00:00.000000000,60896.29716600157,0.17711326563550023,+91-9818520624,user310@retail.com,True
R311,Retailer_311,South,D2C,2020-07-15T00:00:00.000000000,27241.172572364863,0.3767361441403344,+91-9748069603,user311@retail.com,False
R312,Retailer_312,West,Modern Trade,2016-09-29T00:00:00.000000000,19522.20668644215,0.7218421982157853,+91-9457288935,user312@retail.com,True
R313,Retailer_313,West,Modern Trade,2020-03-02T00:00:00.000000000,53965.68062838542,0.8816612329265534,+91-9704440202,user313@retail.com,True
R314,Retailer_314,North,Online,2021-12-28T00:00:00.000000000,57348.58874307395,0.6579682372208838,+91-9700507878,user314@retail.com,True
R315,Retailer_315,East,D2C,2021-11-13T00:00:00.000000000,78160.57108621662,0.7831434894327604,+91-9654365443,user315@retail.com,True
R316,Retailer_316,South,Modern Trade,2022-05-14T00:00:00.000000000,80511.43881963167,0.25307812999038337,+91-9841017425,user316@retail.com,False
R317,Retailer_317,South,Modern Trade,2016-06-27T00:00:00.000000000,98456.43404453582,0.831303414539105,+91-9654858382,user317@retail.com,False
R318,Retailer_318,East,Offline,2019-12-31T00:00:00.000000000,71164.94718769818,0.45813119577839745,+91-9629540319,user318@retail.com,False
R319,Retailer_319,East,Modern Trade,2021-11-29T00:00:00.000000000,98872.88824754448,0.20275307466727943,+91-9302360638,user319@retail.com,False
R320,Retailer_320,North,Modern Trade,2017-11-21T00:00:00.000000000,41906.71747382734,0.4511880313649411,+91-9831510690,user320@retail.com,True
R321,Retailer_321,North,Offline,2017-09-03T00:00:00.000000000,38621.988476699764,0.04564661664346559,+91-9805287217,user321@retail.com,False
R322,Retailer_322,North,Online,2015-12-22T00:00:00.000000000,98966.98384204769,0.8877936799431174,+91-9692858635,user322@retail.com,True
R323,Retailer_323,East,D2C,2020-11-13T00:00:00.000000000,32449.40308419008,0.5933465205923417,+91-9695243344,user323@retail.com,True
R324,Retailer_324,East,D2C,2021-11-21T00:00:00.000000000,91681.71689832468,0.09175928762826568,+91-9930679284,user324@retail.com,False
R325,Retailer_325,North,D2C,2022-02-24T00:00:00.000000000,39228.47729881571,0.7545397197830681,+91-9400041650,user325@retail.com,True
R326,Retailer_326,North,Modern Trade,2020-04-05T00:00:00.000000000,20347.5338427507,0.15244222568973842,+91-9467203014,user326@retail.com,False
R327,Retailer_327,West,Online,2017-10-11T00:00:00.000000000,36701.260112848024,0.563172630914014,+91-9252746170,user327@retail.com,True
R328,Retailer_328,North,Modern Trade,2020-04-30T00:00:00.000000000,84141.40681454219,0.9219454352627584,+91-9716504511,user328@retail.com,True
R329,Retailer_329,West,Offline,2016-08-04T00:00:00.000000000,20192.364343559355,0.6725805367190759,+91-9821902780,user329@retail.com,True
R330,Retailer_330,North,Modern Trade,2019-11-06T00:00:00.000000000,26229.414628983013,0.5228346690926172,+91-9495979572,user330@retail.com,False
R331,Retailer_331,South,Online,2018-10-05T00:00:00.000000000,65171.47540039304,0.5983666506732801,+91-9454781085,user331@retail.com,True
R332,Retailer_332,West,D2C,2016-12-20T00:00:00.000000000,95563.74519763919,0.2607308120167474,+91-9105117433,user332@retail.com,False
R333,Retailer_333,East,D2C,2021-05-10T00:00:00.000000000,10864.251144328695,0.9069309949529641,+91-9488478981,user333@retail.com,False
R334,Retailer_334,East,Online,2021-06-21T00:00:00.000000000,84106.52300178983,0.7139122198452807,+91-9457399742,user334@retail.com,False
R335,Retailer_335,South,D2C,2016-04-29T00:00:00.000000000,43263.486947649835,0.8746160392738124,+91-9271726241,user335@retail.com,True
R336,Retailer_336,North,Online,2021-07-13T00:00:00.000000000,32075.08901178075,0.15957161828142408,+91-9652597759,user336@retail.com,True
R337,Retailer_337,East,Online,2016-12-06T00:00:00.000000000,81710.22394857835,0.66382848338709,+91-9889414958,user337@retail.com,False
R338,Retailer_338,North,Modern Trade,2018-05-18T00:00:00.000000000,91631.0900442275,0.5513545522385046,+91-9694511389,user338@retail.com,True
R339,Retailer_339,East,D2C,2016-01-06T00:00:00.000000000,72196.42048779113,0.08036701796485046,+91-9485237414,user339@retail.com,True
R340,Retailer_340,North,Modern Trade,2021-04-21T00:00:00.000000000,79724.41701165281,0.5981291047271388,+91-9719966137,user340@retail.com,False
R341,Retailer_341,South,Online,2019-02-16T00:00:00.000000000,24157.780154726355,0.37642662179833697,+91-9128175440,user341@retail.com,False
R342,Retailer_342,West,D2C,2017-01-25T00:00:00.000000000,98015.96604649318,0.270894325393339,+91-9653133202,user342@retail.com,False
R343,Retailer_343,West,Online,2020-05-15T00:00:00.000000000,86193.25424476595,0.9236471079230253,+91-9395315114,user343@retail.com,True
R344,Retailer_344,South,Offline,2017-11-01T00:00:00.000000000,94599.50454498446,0.3505255250655802,+91-9478052914,user344@retail.com,False
R345,Retailer_345,East,D2C,2016-05-04T00:00:00.000000000,51657.08812003934,0.7240557218730685,+91-9404322332,user345@retail.com,False
R346,Retailer_346,South,Modern Trade,2021-08-28T00:00:00.000000000,92959.88063549959,0.509620523062015,+91-9956826536,user346@retail.com,False
R347,Retailer_347,South,Online,2017-10-02T00:00:00.000000000,52399.629955867946,0.043588580288941525,+91-9782487216,user347@retail.com,True
R348,Retailer_348,South,Offline,2018-06-24T00:00:00.000000000,83555.15692069191,0.31274900339617784,+91-9941666527,user348@retail.com,True
R349,Retailer_349,North,Offline,2017-03-27T00:00:00.000000000,41024.89339430203,0.06557586646959301,+91-9587512719,user349@retail.com,True
R350,Retailer_350,East,Modern Trade,2016-11-29T00:00:00.000000000,49074.18762489578,0.4578355927014668,+91-9636554011,user350@retail.com,True
R351,Retailer_351,East,Modern Trade,2015-03-07T00:00:00.000000000,22247.70625354168,0.5110025591231276,+91-9868330846,user351@retail.com,True
R352,Retailer_352,North,D2C,2015-06-27T00:00:00.000000000,6099.438134954343,0.24862934604170606,+91-9930010637,user352@retail.com,True
R353,Retailer_353,West,Offline,2021-11-12T00:00:00.000000000,61759.96783648767,0.952269832447803,+91-9869471857,user353@retail.com,True
R354,Retailer_354,North,Offline,2020-03-04T00:00:00.000000000,70621.82350601733,0.7521952283770345,+91-9667184663,user354@retail.com,False
R355,Retailer_355,South,Offline,2017-05-12T00:00:00.000000000,89382.05650375164,0.13184472242476553,+91-9464426177,user355@retail.com,False
R356,Retailer_356,North,Modern Trade,2019-03-10T00:00:00.000000000,45926.09087318485,0.437378642643517,+91-9674561953,user356@retail.com,False
R357,Retailer_357,East,D2C,2019-01-07T00:00:00.000000000,34032.81917603698,0.14103783788370505,+91-9134081002,user357@retail.com,True
R358,Retailer_358,North,Online,2018-11-05T00:00:00.000000000,56138.43219172648,0.08742900322018354,+91-9184823610,user358@retail.com,False
R359,Retailer_359,South,Online,2016-01-31T00:00:00.000000000,57311.477754811276,0.9376140859459264,+91-9843996516,user359@retail.com,True
R360,Retailer_360,North,Modern Trade,2018-10-04T00:00:00.000000000,69995.58944488772,0.29298672675044846,+91-9778654690,user360@retail.com,False
R361,Retailer_361,South,Online,2020-03-22T00:00:00.000000000,54662.2929532101,0.9010367123600959,+91-9857149203,user361@retail.com,True
R362,Retailer_362,East,D2C,2020-10-18T00:00:00.000000000,44311.378576348434,0.03455226081813367,+91-9650172459,user362@retail.com,False
R363,Retailer_363,North,Modern Trade,2021-01-31T00:00:00.000000000,12199.696568433916,0.10088937463486591,+91-9898688961,user363@retail.com,False
R364,Retailer_364,South,Offline,2022-11-02T00:00:00.000000000,48946.093202849515,0.5349959093406159,+91-9367568818,user364@retail.com,True
R365,Retailer_365,East,Modern Trade,2021-02-25T00:00:00.000000000,59562.099299124144,0.964272823245482,+91-9850668891,user365@retail.com,True
R366,Retailer_366,North,Offline,2022-12-07T00:00:00.000000000,9531.61309489388,0.5780447605261565,+91-9682815233,user366@retail.com,True
R367,Retailer_367,West,Offline,2016-04-01T00:00:00.000000000,16250.899077570117,0.9508387536219688,+91-9523896965,user367@retail.com,True
R368,Retailer_368,South,Online,2019-06-01T00:00:00.000000000,64802.736241035884,0.8029647418878458,+91-9568485137,user368@retail.com,False
R369,Retailer_369,West,D2C,2019-09-10T00:00:00.000000000,79903.66376213779,0.7761160247382186,+91-9821469218,user369@retail.com,False
R370,Retailer_370,South,Online,2017-02-26T00:00:00.000000000,7020.051753394675,0.2126746447803134,+91-9542531663,user370@retail.com,False
R371,Retailer_371,South,D2C,2019-06-04T00:00:00.000000000,29895.14799356116,0.5118617121241362,+91-9417308630,user371@retail.com,True
R372,Retailer_372,South,Offline,2021-10-10T00:00:00.000000000,61494.132137994595,0.489986931293665,+91-9492629756,user372@retail.com,False
R373,Retailer_373,North,Offline,2022-03-28T00:00:00.000000000,5395.975283779443,0.8369933697049154,+91-9727650304,user373@retail.com,False
R374,Retailer_374,East,Offline,2016-08-30T00:00:00.000000000,34888.20836673182,0.07955658508195629,+91-9952830228,user374@retail.com,False
R375,Retailer_375,South,D2C,2015-01-18T00:00:00.000000000,88422.38767925985,0.481582451158847,+91-9779998273,user375@retail.com,False
R376,Retailer_376,South,Offline,2016-02-18T00:00:00.000000000,89073.65247692683,0.5658806688208042,+91-9669774197,user376@retail.com,False
R377,Retailer_377,East,Online,2022-06-14T00:00:00.000000000,97048.17858331547,0.4555423144793276,+91-9206040082,user377@retail.com,True
R378,Retailer_378,North,Modern Trade,2015-09-24T00:00:00.000000000,73347.9592883104,0.8925345649933281,+91-9207725250,user378@retail.com,True
R379,Retailer_379,West,Modern Trade,2016-05-19T00:00:00.000000000,67459.01887454724,0.5677411975754696,+91-9667659383,user379@retail.com,False
R380,Retailer_380,North,D2C,2015-06-26T00:00:00.000000000,80424.34975835116,0.5340105943833877,+91-9560398352,user380@retail.com,False
R381,Retailer_381,North,Online,2019-01-15T00:00:00.000000000,48746.49535086528,0.4593672228815858,+91-9609286749,user381@retail.com,True
R382,Retailer_382,East,Modern Trade,2019-11-07T00:00:00.000000000,42830.95724053877,0.3876936243088156,+91-9531542453,user382@retail.com,True
R383,Retailer_383,North,D2C,2020-05-14T00:00:00.000000000,15507.870595624849,0.7840685819548622,+91-9207815138,user383@retail.com,True
R384,Retailer_384,East,Online,2016-08-04T00:00:00.000000000,43949.02930134725,0.10483386252729687,+91-9289497859,user384@retail.com,False
R385,Retailer_385,East,D2C,2021-04-29T00:00:00.000000000,47852.52375237292,0.6827520698085713,+91-9694535947,user385@retail.com,False
R386,Retailer_386,East,D2C,2019-11-14T00:00:00.000000000,41501.24237352605,0.5518167017959569,+91-9614025188,user386@retail.com,False
R387,Retailer_387,East,Online,2021-08-19T00:00:00.000000000,68734.06832497621,0.7107264575255761,+91-9339291860,user387@retail.com,False
R388,Retailer_388,North,Online,2021-10-26T00:00:00.000000000,19907.300482211114,0.8448200965443626,+91-9123253518,user388@retail.com,False
R389,Retailer_389,North,Online,2018-08-31T00:00:00.000000000,80855.00396338786,0.6948995048927341,+91-9494417983,user389@retail.com,True
R390,Retailer_390,South,D2C,2019-03-12T00:00:00.000000000,85227.37762474535,0.7985138432488725,+91-9811705058,user390@retail.com,False
R391,Retailer_391,North,D2C,2018-02-02T00:00:00.000000000,56102.068113673515,0.739720976058974,+91-9815901822,user391@retail.com,False
R392,Retailer_392,East,D2C,2018-04-30T00:00:00.000000000,45950.1792312671,0.3751468283282291,+91-9570494969,user392@retail.com,True
R393,Retailer_393,West,D2C,2020-12-17T00:00:00.000000000,11769.18255934978,0.41369848133865617,+91-9182535383,user393@retail.com,True
R394,Retailer_394,South,Offline,2020-07-02T00:00:00.000000000,85270.73629483215,0.22812103390356797,+91-9546640584,user394@retail.com,True
R395,Retailer_395,South,Offline,2015-01-08T00:00:00.000000000,85385.44770129731,0.5835183503443921,+91-9403709889,user395@retail.com,False
R396,Retailer_396,West,D2C,2019-02-20T00:00:00.000000000,28075.364054859518,0.2074950764543958,+91-9156078353,user396@retail.com,False
R397,Retailer_397,East,Online,2018-10-20T00:00:00.000000000,81059.09740931097,0.8610142078951128,+91-9694201254,user397@retail.com,False
R398,Retailer_398,North,Modern Trade,2018-01-10T00:00:00.000000000,88720.02255697435,0.5124223022436047,+91-9959106258,user398@retail.com,False
R399,Retailer_399,West,D2C,2016-08-07T00:00:00.000000000,14534.55119504844,0.9816688358572146,+91-9915725708,user399@retail.com,False
R400,Retailer_400,East,D2C,2015-09-18T00:00:00.000000000,62236.318500887006,0.9288873021794589,+91-9771980980,user400@retail.com,True
R401,Retailer_401,South,Modern Trade,2016-02-03T00:00:00.000000000,18482.898605851547,0.20606027518934955,+91-9143677049,user401@retail.com,True
R402,Retailer_402,West,Offline,2016-07-03T00:00:00.000000000,36895.49456861311,0.05662876389078342,+91-9728503185,user402@retail.com,False
R403,Retailer_403,West,Offline,2020-07-10T00:00:00.000000000,34937.91782360496,0.4423270511054974,+91-9152856419,user403@retail.com,True
R404,Retailer_404,South,Online,2019-11-19T00:00:00.000000000,90130.69006293485,0.6620100974923597,+91-9929223239,user404@retail.com,False
R405,Retailer_405,West,Modern Trade,2020-10-12T00:00:00.000000000,87223.59446942102,0.6090798952871378,+91-9328702401,user405@retail.com,False
R406,Retailer_406,South,Online,2022-08-26T00:00:00.000000000,81388.61680918404,0.8176921586659154,+91-9624026224,user406@retail.com,False
R407,Retailer_407,West,D2C,2018-03-12T00:00:00.000000000,46328.36648657684,0.14247027039027693,+91-9139613000,user407@retail.com,False
R408,Retailer_408,East,Offline,2019-02-09T00:00:00.000000000,23737.221132978768,0.9657163622559575,+91-9213956033,user408@retail.com,False
R409,Retailer_409,East,Online,2020-09-07T00:00:00.000000000,30862.162310381842,0.05983171395464826,+91-9829833551,user409@retail.com,True
R410,Retailer_410,North,Offline,2017-01-24T00:00:00.000000000,94098.31662084039,0.896168807186545,+91-9207839163,user410@retail.com,True
R411,Retailer_411,West,D2C,2017-10-31T00:00:00.000000000,77714.89813527717,0.6151632454243624,+91-9903177396,user411@retail.com,True
R412,Retailer_412,North,Modern Trade,2022-08-05T00:00:00.000000000,83837.79120119821,0.7430001097031571,+91-9981933151,user412@retail.com,True
R413,Retailer_413,West,Modern Trade,2017-05-18T00:00:00.000000000,9361.290916898215,0.09488022856317457,+91-9450636672,user413@retail.com,False
R414,Retailer_414,North,Online,2019-09-01T00:00:00.000000000,46190.61914318606,0.586550463493568,+91-9124029044,user414@retail.com,True
R415,Retailer_415,East,D2C,2019-10-24T00:00:00.000000000,50920.21274701223,0.6666783971461017,+91-9422510150,user415@retail.com,False
R416,Retailer_416,South,Modern Trade,2022-01-14T00:00:00.000000000,27061.949470791693,0.9484319710565139,+91-9722922589,user416@retail.com,False
R417,Retailer_417,North,D2C,2021-10-03T00:00:00.000000000,64090.98077861871,0.11756545171604882,+91-9207735630,user417@retail.com,False
R418,Retailer_418,South,Modern Trade,2019-06-21T00:00:00.000000000,54416.18965914862,0.13598036981185124,+91-9242577664,user418@retail.com,False
R419,Retailer_419,South,D2C,2015-03-25T00:00:00.000000000,34815.66143858945,0.6801802972362841,+91-9456143474,user419@retail.com,False
R420,Retailer_420,North,D2C,2019-09-24T00:00:00.000000000,79424.46810158086,0.05012158208443873,+91-9397410848,user420@retail.com,False
R421,Retailer_421,North,Modern Trade,2021-01-17T00:00:00.000000000,43547.902293751016,0.8658475181847993,+91-9935199535,user421@retail.com,False
R422,Retailer_422,South,Online,2016-07-31T00:00:00.000000000,60126.75218794671,0.6045557659526271,+91-9268688299,user422@retail.com,True
R423,Retailer_423,West,Modern Trade,2022-04-09T00:00:00.000000000,52452.55461968541,0.6968286763259145,+91-9871240641,user423@retail.com,True
R424,Retailer_424,West,Modern Trade,2022-07-01T00:00:00.000000000,10284.899131935339,0.6301696392316275,+91-9488957148,user424@retail.com,True
R425,Retailer_425,South,Offline,2022-03-03T00:00:00.000000000,71448.57984582712,0.833223252899858,+91-9875339905,user425@retail.com,False
R426,Retailer_426,North,Offline,2015-07-21T00:00:00.000000000,62286.79550271313,0.1640879912211819,+91-9651143203,user426@retail.com,False
R427,Retailer_427,West,D2C,2016-07-07T00:00:00.000000000,16142.723496826216,0.6848449643385688,+91-9950930580,user427@retail.com,True
R428,Retailer_428,West,Online,2019-06-14T00:00:00.000000000,10310.15408345847,0.03678224627286453,+91-9251541487,user428@retail.com,False
R429,Retailer_429,North,Offline,2021-01-06T00:00:00.000000000,43685.92298543717,0.8648428077544897,+91-9290809554,user429@retail.com,False
R430,Retailer_430,North,D2C,2022-08-01T00:00:00.000000000,41241.12798158548,0.8596288223274542,+91-9158982435,user430@retail.com,False
R431,Retailer_431,East,Modern Trade,2015-12-07T00:00:00.000000000,5198.054199202593,0.24439514503535176,+91-9357028785,user431@retail.com,False
R432,Retailer_432,West,D2C,2015-05-09T00:00:00.000000000,49931.0927319896,0.6892816195030038,+91-9996057369,user432@retail.com,True
R433,Retailer_433,North,Online,2020-04-09T00:00:00.000000000,11038.47883079272,0.260160513337902,+91-9417586131,user433@retail.com,True
R434,Retailer_434,South,Modern Trade,2018-06-15T00:00:00.000000000,34761.55808035934,0.3061543085195413,+91-9542527686,user434@retail.com,True
R435,Retailer_435,South,Online,2015-09-01T00:00:00.000000000,87202.51203738723,0.8835700988410534,+91-9163171245,user435@retail.com,True
R436,Retailer_436,East,Offline,2018-05-06T00:00:00.000000000,48070.36448228687,0.29038495423936184,+91-9207857081,user436@retail.com,False
R437,Retailer_437,East,Offline,2018-05-18T00:00:00.000000000,85664.1282701775,0.6891980836644661,+91-9353647675,user437@retail.com,False
R438,Retailer_438,North,Offline,2020-07-06T00:00:00.000000000,19778.72505722766,0.9012106982444169,+91-9587197949,user438@retail.com,False
R439,Retailer_439,East,D2C,2019-07-08T00:00:00.000000000,33128.962889416915,0.6058584924484882,+91-9852399084,user439@retail.com,True
R440,Retailer_440,East,Online,2016-04-03T00:00:00.000000000,22203.470234493114,0.5296131444347763,+91-9143547546,user440@retail.com,True
R441,Retailer_441,North,D2C,2019-08-07T00:00:00.000000000,11665.25997878196,0.6782014745195901,+91-9797793764,user441@retail.com,True
R442,Retailer_442,West,D2C,2022-10-10T00:00:00.000000000,10508.800363142334,0.16930200041127919,+91-9214029969,user442@retail.com,False
R443,Retailer_443,South,D2C,2015-03-27T00:00:00.000000000,60234.754731123736,0.7117179121224539,+91-9445264356,user443@retail.com,True
R444,Retailer_444,North,Modern Trade,2017-05-02T00:00:00.000000000,56638.36557167132,0.7787732869129188,+91-9445154133,user444@retail.com,False
R445,Retailer_445,North,Online,2018-10-16T00:00:00.000000000,88144.97720381696,0.9450515393005064,+91-9443814832,user445@retail.com,True
R446,Retailer_446,South,Modern Trade,2021-03-22T00:00:00.000000000,52704.44273067132,0.6825727822540437,+91-9217447909,user446@retail.com,True
R447,Retailer_447,West,Online,2017-08-04T00:00:00.000000000,86534.70251409794,0.5940611836562918,+91-9854527562,user447@retail.com,False
R448,Retailer_448,North,Modern Trade,2015-05-07T00:00:00.000000000,96020.41965277442,0.3638847919843724,+91-9483177449,user448@retail.com,True
R449,Retailer_449,North,Offline,2022-07-24T00:00:00.000000000,8862.817432848926,0.3925309267786996,+91-9261622302,user449@retail.com,True
R450,Retailer_450,South,Online,2022-07-29T00:00:00.000000000,72783.15353512592,0.8608145069105898,+91-9570905705,user450@retail.com,False
R451,Retailer_451,North,D2C,2021-08-14T00:00:00.000000000,51870.776233228746,0.7920400501013267,+91-9509485877,user451@retail.com,True
R452,Retailer_452,East,Online,2019-01-15T00:00:00.000000000,45186.37028297535,0.118592252307271,+91-9328880283,user452@retail.com,True
R453,Retailer_453,North,Offline,2019-02-01T00:00:00.000000000,34349.83487913509,0.9227543048536794,+91-9596579091,user453@retail.com,True
R454,Retailer_454,East,Online,2019-11-25T00:00:00.000000000,59402.946296314716,0.915894372692595,+91-9773540286,user454@retail.com,True
R455,Retailer_455,West,Offline,2019-07-06T00:00:00.000000000,37630.03581068562,0.8327993859893774,+91-9306917728,user455@retail.com,False
R456,Retailer_456,South,Offline,2017-09-08T00:00:00.000000000,46807.3194467916,0.7945885583632273,+91-9508660847,user456@retail.com,True
R457,Retailer_457,West,Modern Trade,2016-01-04T00:00:00.000000000,11037.832471282894,0.41638305529061903,+91-9754510607,user457@retail.com,True
R458,Retailer_458,West,Offline,2015-12-19T00:00:00.000000000,20961.262226064453,0.5464322353589299,+91-9287414036,user458@retail.com,False
R459,Retailer_459,South,Online,2021-07-16T00:00:00.000000000,34637.59980739929,0.6878637668801262,+91-9339125697,user459@retail.com,True
R460,Retailer_460,South,D2C,2017-09-30T00:00:00.000000000,6273.963633925319,0.0492449958011113,+91-9127018450,user460@retail.com,False
R461,Retailer_461,North,D2C,2020-03-22T00:00:00.000000000,25693.934780295156,0.6846489534020165,+91-9310235680,user461@retail.com,False
R462,Retailer_462,North,Online,2022-08-24T00:00:00.000000000,40759.2786532491,0.03398749262585099,+91-9686159813,user462@retail.com,False
R463,Retailer_463,East,D2C,2021-03-22T00:00:00.000000000,71789.16016462391,0.8297097341044635,+91-9991325193,user463@retail.com,False
R464,Retailer_464,North,Modern Trade,2016-05-12T00:00:00.000000000,34357.76180124741,0.32081551914159556,+91-9549532171,user464@retail.com,False
R465,Retailer_465,North,D2C,2022-02-18T00:00:00.000000000,14833.46420886114,0.08784870499636688,+91-9408448042,user465@retail.com,False
R466,Retailer_466,North,Modern Trade,2021-06-09T00:00:00.000000000,32311.94628461681,0.22716969077619276,+91-9938981959,user466@retail.com,True
R467,Retailer_467,West,Offline,2018-12-21T00:00:00.000000000,97342.29124869501,0.3527182164307814,+91-9727098775,user467@retail.com,False
R468,Retailer_468,East,D2C,2020-12-14T00:00:00.000000000,8983.32721257313,0.7454923765192109,+91-9384427458,user468@retail.com,True
R469,Retailer_469,West,Online,2020-09-09T00:00:00.000000000,61697.85625131215,0.7680063014811118,+91-9467870610,user469@retail.com,True
R470,Retailer_470,South,D2C,2022-05-02T00:00:00.000000000,57386.827802387976,0.5240638874189291,+91-9904853087,user470@retail.com,False
R471,Retailer_471,West,D2C,2020-03-06T00:00:00.000000000,22948.857196480356,0.22041404971398038,+91-9234688021,user471@retail.com,False
R472,Retailer_472,North,Offline,2020-02-05T00:00:00.000000000,87018.72451868097,0.9548317669098457,+91-9339006818,user472@retail.com,True
R473,Retailer_473,East,Modern Trade,2020-05-04T00:00:00.000000000,13857.28316770515,0.9656615204551319,+91-9107983416,user473@retail.com,False
R474,Retailer_474,South,Online,2020-08-22T00:00:00.000000000,53526.08128627874,0.0027957714721996707,+91-9725827159,user474@retail.com,True
R475,Retailer_475,West,Modern Trade,2019-05-07T00:00:00.000000000,92978.37074735352,0.9297052192787065,+91-9753201643,user475@retail.com,False
R476,Retailer_476,West,Online,2018-07-03T00:00:00.000000000,65003.74578313649,0.29536143573855556,+91-9744636115,user476@retail.com,True
R477,Retailer_477,North,Online,2020-01-10T00:00:00.000000000,94367.63350502458,0.9594833181242662,+91-9379914058,user477@retail.com,False
R478,Retailer_478,South,D2C,2020-06-29T00:00:00.000000000,67547.63390925634,0.6169086507896376,+91-9738568328,user478@retail.com,False
R479,Retailer_479,North,Offline,2021-08-31T00:00:00.000000000,96410.68631497285,0.6154106048181587,+91-9943559227,user479@retail.com,True
R480,Retailer_480,North,Online,2017-02-09T00:00:00.000000000,30466.160449631032,0.019837493628003022,+91-9518564283,user480@retail.com,True
R481,Retailer_481,North,Online,2017-02-07T00:00:00.000000000,34588.58847394482,0.7114505311391043,+91-9113588923,user481@retail.com,False
R482,Retailer_482,West,Offline,2018-07-02T00:00:00.000000000,86387.1170845952,0.7660022254598958,+91-9881870633,user482@retail.com,True
R483,Retailer_483,South,Online,2020-05-18T00:00:00.000000000,12728.751842130008,0.5259809811103343,+91-9217919216,user483@retail.com,False
R484,Retailer_484,North,D2C,2015-01-29T00:00:00.000000000,83544.5948922966,0.5093075279173896,+91-9393223948,user484@retail.com,False
R485,Retailer_485,East,Offline,2020-06-23T00:00:00.000000000,77533.58258875596,0.4913783328417247,+91-9843814749,user485@retail.com,True
R486,Retailer_486,North,Modern Trade,2016-07-16T00:00:00.000000000,53855.464480977476,0.0003899560298362692,+91-9888394476,user486@retail.com,True
R487,Retailer_487,North,Offline,2022-04-26T00:00:00.000000000,21614.298715865294,0.2904180253491486,+91-9766933626,user487@retail.com,True
R488,Retailer_488,North,Modern Trade,2020-06-10T00:00:00.000000000,66850.34374380394,0.594230073194543,+91-9515811442,user488@retail.com,False
R489,Retailer_489,East,Modern Trade,2019-11-11T00:00:00.000000000,72679.70489038342,0.6878626078413678,+91-9631166907,user489@retail.com,True
R490,Retailer_490,South,Offline,2019-02-12T00:00:00.000000000,51773.83149015396,0.6783094127550604,+91-9336529820,user490@retail.com,True
R491,Retailer_491,North,Offline,2017-10-30T00:00:00.000000000,31928.058505145516,0.7489961983026082,+91-9898236054,user491@retail.com,True
R492,Retailer_492,West,D2C,2022-09-21T00:00:00.000000000,75321.11719204219,0.635415525356052,+91-9576050824,user492@retail.com,False
R493,Retailer_493,East,Online,2015-03-11T00:00:00.000000000,15855.48833989172,0.26478556925852714,+91-9808176192,user493@retail.com,True
R494,Retailer_494,South,D2C,2018-09-21T00:00:00.000000000,31966.467964976186,0.7590518249276834,+91-9471852280,user494@retail.com,False
R495,Retailer_495,North,D2C,2017-12-09T00:00:00.000000000,12263.887798304102,0.6624030406839789,+91-9119891077,user495@retail.com,True
R496,Retailer_496,East,Modern Trade,2019-06-10T00:00:00.000000000,85443.38252181251,0.05034643366650515,+91-9184061151,user496@retail.com,True
R497,Retailer_497,East,Modern Trade,2016-08-02T00:00:00.000000000,30913.55104588692,0.032222650384202356,+91-9910242096,user497@retail.com,False
R498,Retailer_498,North,Offline,2016-12-30T00:00:00.000000000,55160.72898411565,0.4169895978445811,+91-9793149437,user498@retail.com,True
R499,Retailer_499,North,D2C,2015-11-13T00:00:00.000000000,72492.04074410175,0.6974824579854764,+91-9828741282,user499@retail.com,True
